Coefficient,Intercept,R2,Y-Error
-49403.52966989127,3165.8682279026625,0.07687754217387777,165.79763165905388
