Coefficient,Intercept,R2,Y-Error
31323.441492345573,2023.5055749255553,0.027978116179585566,158.22460749652035
