Coefficient,Intercept,R2,Y-Error
-71555.65647887108,3499.5725395753516,0.17284491848513883,133.48571536942
