Coefficient,Intercept,R2,Y-Error
-0.00013704031591824832,0.9426653975283497,0.839043885339124,0.009940441296718472
