Coefficient,Intercept,R2,Y-Error
-6122.606181378458,6181.974891040956,0.8390438853391238,67.9867491454609
